id,target_date,status,type,cluster,working_title,candidate_query,intent,original_evidence_required,primary_cta_path,owner,review_gate,distribution,validation
H01,2026-09-22,Proposed; evidence and site readiness required,Blog,Support → product,A support-to-engineering escalation workflow that preserves context,support escalation workflow,Process / problem aware,Product walkthrough; SME interview; checklist,/product/customer-support,Marketing editor + product SME,Product lead verifies handoff steps,Founder LinkedIn; appropriate ContentStudio channels; opt-in digest,Search intent and opportunity not yet validated; link only once destination is live
H02,2026-09-25,Proposed; evidence and site readiness required,Blog,Knowledge,Turn recurring support questions into a useful knowledge backlog,knowledge base gaps,Process / problem aware,Approved sample; prioritization worksheet,/product/knowledge-base,Marketing editor + product SME,Verify current coverage behavior,Founder LinkedIn; appropriate ContentStudio channels; opt-in digest,Search intent and opportunity not yet validated; link only once destination is live
H03,2026-09-29,Proposed; evidence and site readiness required,Blog,AI support,How to evaluate an AI support agent before increasing autonomy,evaluate AI customer support,Evaluation,Scorecard; supervised run recording,/demo,Marketing editor + product SME,Controls and limitations verified,Founder LinkedIn; appropriate ContentStudio channels; opt-in digest,Search intent and opportunity not yet validated; link only once destination is live
H04,2026-10-02,Proposed; evidence and site readiness required,Blog,Consolidation,Pilot a new shared inbox without migrating everything at once,shared inbox migration checklist,Evaluation / implementation,Verified import matrix; pilot checklist,/solutions/saas-teams,Marketing editor + product SME,No unsupported migration claims,Founder LinkedIn; appropriate ContentStudio channels; opt-in digest,Search intent and opportunity not yet validated; link only once destination is live
H05,2026-10-06,Proposed; evidence and site readiness required,Case study,Proof,Inside ContentStudio’s support-to-product workflow,ContentStudio support workflow,Proof / decision,Approved interview; baseline/process evidence,/demo,Marketing editor + product SME,Customer approval; disclose affiliation,Founder LinkedIn; appropriate ContentStudio channels; opt-in digest,Search intent and opportunity not yet validated; link only once destination is live
H06,2026-10-09,Proposed; evidence and site readiness required,Comparison,Consolidation,Helpin vs Intercom for a lean SaaS support team,Helpin vs Intercom,Comparison / decision,Current official sources; tested workflow matrix,/pricing,Marketing editor + product SME,Fair fit criteria; dated facts,Founder LinkedIn; appropriate ContentStudio channels; opt-in digest,Search intent and opportunity not yet validated; link only once destination is live
H07,2026-10-13,Proposed; evidence and site readiness required,Blog,AI support,Design a useful human handoff for AI support,AI support human handoff,Process / evaluation,Synthetic scenarios; actual review controls,/product/customer-support,Marketing editor + product SME,Verify handoff; no perfect-accuracy promises,Founder LinkedIn; appropriate ContentStudio channels; opt-in digest,Search intent and opportunity not yet validated; link only once destination is live
H08,2026-10-16,Proposed; evidence and site readiness required,Blog,Support → product,Prioritize product requests using customer evidence,prioritize customer feature requests,Process,Transparent proposed rubric; worked example,/solutions/saas-teams,Marketing editor + product SME,Separate process advice from automation,Founder LinkedIn; appropriate ContentStudio channels; opt-in digest,Search intent and opportunity not yet validated; link only once destination is live
H09,2026-10-20,Proposed; evidence and site readiness required,Blog,Knowledge,Audit a help center before connecting an AI assistant,AI knowledge base setup,Implementation,Audit worksheet; real approved screenshots,/product/knowledge-base,Marketing editor + product SME,Content quality and permissions checked,Founder LinkedIn; appropriate ContentStudio channels; opt-in digest,Search intent and opportunity not yet validated; link only once destination is live
H10,2026-10-23,Proposed; evidence and site readiness required,Blog,Support → product,Write customer-ready updates for unresolved bugs,customer bug status update templates,Practical template,Original templates; actual ownership workflow,/product/customer-support,Marketing editor + product SME,No unsupported automatic notifications,Founder LinkedIn; appropriate ContentStudio channels; opt-in digest,Search intent and opportunity not yet validated; link only once destination is live
H11,2026-10-27,Proposed; evidence and site readiness required,Blog,Consolidation,Calculate the real cost of a fragmented SaaS support stack,customer support software cost,Evaluation,Buyer-input worksheet; dated example assumptions,/pricing,Marketing editor + product SME,Verify plan facts; no invented savings,Founder LinkedIn; appropriate ContentStudio channels; opt-in digest,Search intent and opportunity not yet validated; link only once destination is live
H12,2026-10-30,Proposed; evidence and site readiness required,Blog,AI support,Set approval boundaries for support AI agents,AI agent approval workflow,Evaluation / implementation,Capability checklist; approval demo,/product/ai-agents,Marketing editor + product SME,Confirm which actions support approvals,Founder LinkedIn; appropriate ContentStudio channels; opt-in digest,Search intent and opportunity not yet validated; link only once destination is live
H13,2026-11-03,Proposed; evidence and site readiness required,Case study,Proof,What a second SaaS team learned from a focused Helpin pilot,SaaS support workflow case study,Proof / decision,Named participating team; approved evidence,/demo,Marketing editor + product SME,Requires participant and evidence; otherwise defer,Founder LinkedIn; appropriate ContentStudio channels; opt-in digest,Search intent and opportunity not yet validated; link only once destination is live
H14,2026-11-06,Proposed; evidence and site readiness required,Comparison,Consolidation,Helpin vs ClickUp for support-to-product coordination,Helpin vs ClickUp,Comparison / decision,Current official sources; tested workflow matrix,/solutions/saas-teams,Marketing editor + product SME,Include cases where each product fits,Founder LinkedIn; appropriate ContentStudio channels; opt-in digest,Search intent and opportunity not yet validated; link only once destination is live
H15,2026-11-10,Proposed; evidence and site readiness required,Blog,Support → product,A weekly customer-feedback review your product team can use,customer feedback review process,Process,Meeting agenda; anonymized worked example,/solutions/saas-teams,Marketing editor + product SME,Clear ownership and next actions,Founder LinkedIn; appropriate ContentStudio channels; opt-in digest,Search intent and opportunity not yet validated; link only once destination is live
H16,2026-11-13,Proposed; evidence and site readiness required,Blog,Knowledge,Update an existing help article or write a new one?,knowledge base maintenance,Process,Decision tree; original before/after example,/product/knowledge-base,Marketing editor + product SME,Avoid duplicated search intent,Founder LinkedIn; appropriate ContentStudio channels; opt-in digest,Search intent and opportunity not yet validated; link only once destination is live
H17,2026-11-17,Proposed; evidence and site readiness required,Blog,AI support,Measure AI support quality beyond answer volume,AI customer support metrics,Evaluation,Metric definitions; illustrative dashboard,/product/ai-agents,Marketing editor + product SME,No fabricated results or benchmarks,Founder LinkedIn; appropriate ContentStudio channels; opt-in digest,Search intent and opportunity not yet validated; link only once destination is live
H18,2026-11-20,Proposed; evidence and site readiness required,Blog,Support → product,Design a shared-inbox onboarding checklist for SaaS teams,shared inbox onboarding checklist,Implementation,Actual setup walkthrough; prerequisite list,/product/customer-support,Marketing editor + product SME,Setup steps verified by new user,Founder LinkedIn; appropriate ContentStudio channels; opt-in digest,Search intent and opportunity not yet validated; link only once destination is live
H19,2026-11-24,Proposed; evidence and site readiness required,Blog,Consolidation,A 14-day pilot plan for connected support and product work,customer support software trial checklist,Decision / implementation,Product-reviewed day-by-day pilot,/demo,Marketing editor + product SME,Do not promise automatic migration,Founder LinkedIn; appropriate ContentStudio channels; opt-in digest,Search intent and opportunity not yet validated; link only once destination is live
H20,2026-11-27,Proposed; evidence and site readiness required,Blog,Knowledge,Review support knowledge after a product release,update knowledge base after product release,Process,Release-to-article review checklist,/product/knowledge-base,Marketing editor + product SME,Distinguish manual review and automation,Founder LinkedIn; appropriate ContentStudio channels; opt-in digest,Search intent and opportunity not yet validated; link only once destination is live
B01,,Unscheduled backlog,Blog,CRM expansion,When support conversations should inform customer account context,support customer account context,Exploration,Verified CRM-linked support workflow,/demo,Marketing editor + product SME,Publish only if initial audience demand supports expansion,Founder LinkedIn; appropriate ContentStudio channels; opt-in digest,Search intent and opportunity not yet validated; link only once destination is live
B02,,Unscheduled backlog,Blog,Meeting expansion,Turn meeting follow-ups into owned work,meeting action items workflow,Exploration,Verified meeting workflow; original example,/demo,Marketing editor + product SME,Confirm capture provider and account availability,Founder LinkedIn; appropriate ContentStudio channels; opt-in digest,Search intent and opportunity not yet validated; link only once destination is live
B03,,Unscheduled backlog,Blog,Templates,A lightweight support-to-product service agreement,support engineering handoff agreement,Template,SME-reviewed template,/solutions/saas-teams,Marketing editor + product SME,Check overlap with H01,Founder LinkedIn; appropriate ContentStudio channels; opt-in digest,Search intent and opportunity not yet validated; link only once destination is live
B04,,Unscheduled backlog,Blog,AI support,How to review an AI support mistake and improve the workflow,AI support error review,Process,Synthetic incident; corrected process example,/product/ai-agents,Marketing editor + product SME,No customer incident details without approval,Founder LinkedIn; appropriate ContentStudio channels; opt-in digest,Search intent and opportunity not yet validated; link only once destination is live
